phrase,english
AFTERNOON,Good afternoon!
AFTERNOON FAMILY,"Good afternoon, family."
AFTERNOON FRIEND,"Good afternoon, friend."
AFTERNOON GOODBYE,Good afternoon, goodbye.
AFTERNOON HELLO,Good afternoon!
AFTERNOON I,"Good afternoon, I."
AFTERNOON ME,"Good afternoon, me."
AFTERNOON MORNING,Good afternoon and morning.
AFTERNOON PLEASE,"Good afternoon, please."
AFTERNOON SORRY,"Good afternoon, sorry."
AFTERNOON THANKS,"Good afternoon, thank you."
AFTERNOON YOU,"Good afternoon, you."
BAD,Bad.
BAD EAT,"Bad, eat."
BAD FAMILY,Bad family.
BAD FRIEND,Bad friend.
BAD GO,"Bad, go."
BAD GOOD,Bad or good?
BAD HELP,"Bad, help."
BAD I,Bad, I.
BAD KNOW,"Bad, I don't know."
BAD ME,Bad, me.
BAD NO,Bad, no.
BAD OKAY,Bad, okay.
BAD SLEEP,"Bad, sleep."
BAD UNDERSTAND,"Bad, I don't understand."
BAD WANT,"Bad, want."
BAD YES,Bad, yes.
BAD YOU,Bad, you.
EAT,Eat.
EAT FAMILY,Family eats.
EAT FRIEND,Friend eats.
EAT FROM,Eat from here.
EAT HERE,Eat here.
EAT HOME,Eat at home.
EAT I,I eat.
EAT ME,I eat.
EAT TODAY,Eat today.
EAT YOU,You eat.
FAMILY,Family.
FAMILY EAT,Family eats.
FAMILY FRIEND,Family and friend.
FAMILY FROM,Family is from here.
FAMILY GO,Family goes.
FAMILY HELP,Family helps.
FAMILY HERE,Family is here.
FAMILY HOME,Family is home.
FAMILY I,My family.
FAMILY KNOW,Family knows.
FAMILY ME,My family.
FAMILY SLEEP,Family sleeps.
FAMILY TODAY,Family today.
FAMILY UNDERSTAND,Family understands.
FAMILY WANT,Family wants.
FAMILY YOU,Your family.
FRIEND,Friend.
FRIEND EAT,Friend eats.
FRIEND FAMILY,Friend and family.
FRIEND FROM,Friend is from here.
FRIEND GO,Friend goes.
FRIEND HELP,Friend helps.
FRIEND HERE,Friend is here.
FRIEND HOME,Friend is home.
FRIEND I,My friend.
FRIEND KNOW,Friend knows.
FRIEND ME,My friend.
FRIEND SLEEP,Friend sleeps.
FRIEND TODAY,Friend today.
FRIEND UNDERSTAND,Friend understands.
FRIEND WANT,Friend wants.
FRIEND YOU,Your friend.
FROM,From.
FROM FAMILY,From family.
FROM FRIEND,From friend.
FROM HERE,From here.
FROM HOME,From home.
FROM I,I am from here.
FROM ME,I am from here.
FROM YOU,You are from here.
GO,Go.
GO FAMILY,Family goes.
GO FRIEND,Friend goes.
GO FROM,Go from here.
GO HERE,Go here.
GO HOME,Go home.
GO I,I go.
GO ME,I go.
GO TODAY,Go today.
GO YOU,You go.
GOOD,Good.
GOOD BAD,Good or bad?
GOOD EAT,"Good, eat."
GOOD FAMILY,Good family.
GOOD FRIEND,Good friend.
GOOD GO,"Good, go."
GOOD HELP,"Good, help."
GOOD I,"Good, I."
GOOD KNOW,"Good, I know."
GOOD ME,"Good, me."
GOOD NO,Good, no.
GOOD OKAY,"Good, okay."
GOOD SLEEP,"Good, sleep."
GOOD UNDERSTAND,"Good, I understand."
GOOD WANT,"Good, I want."
GOOD YES,"Good, yes."
GOOD YOU,Good, you.
GOODBYE,Goodbye!
GOODBYE AFTERNOON,"Goodbye, good afternoon."
GOODBYE FAMILY,"Goodbye, family."
GOODBYE FRIEND,"Goodbye, friend."
GOODBYE HELLO,Hello and goodbye.
GOODBYE I,"Goodbye, I."
GOODBYE ME,"Goodbye, me."
GOODBYE MORNING,"Goodbye, good morning."
GOODBYE PLEASE,"Goodbye, please."
GOODBYE SORRY,"Goodbye, sorry."
GOODBYE THANKS,"Goodbye, thank you."
GOODBYE YOU,"Goodbye, you."
HELLO,Hello!
HELLO AFTERNOON,Good afternoon!
HELLO FAMILY,"Hello, family."
HELLO FRIEND,"Hello, friend."
HELLO GOODBYE,Hello and goodbye.
HELLO I,"Hello, I."
HELLO ME,"Hello, me."
HELLO MORNING,Good morning!
HELLO PLEASE,"Hello, please."
HELLO SORRY,"Hello, sorry."
HELLO THANKS,"Hello, thank you."
HELLO YOU,"Hello, you."
HELP,Help!
HELP FAMILY,Family helps.
HELP FRIEND,Friend helps.
HELP FROM,Help from here.
HELP HERE,Help here.
HELP HOME,Help at home.
HELP I,Help me!
HELP ME,Help me!
HELP TODAY,Help today.
HELP YOU,Help you.
HERE,Here.
HERE FAMILY,Family is here.
HERE FRIEND,Friend is here.
HERE FROM,Here from.
HERE HOME,Home is here.
HERE I,I am here.
HERE ME,I am here.
HERE YOU,You are here.
HOME,Home.
HOME FAMILY,Family is home.
HOME FRIEND,Friend is home.
HOME FROM,Home from.
HOME HERE,Home is here.
HOME I,I am home.
HOME ME,I am home.
HOME YOU,You are home.
HOW,How?
HOW EAT,How do you eat?
HOW FAMILY,How is your family?
HOW FRIEND,How is your friend?
HOW FROM,How are you from here?
HOW GO,How do you go?
HOW HELP,How can I help?
HOW HERE,How do I get here?
HOW HOME,How do I get home?
HOW I,How am I?
HOW KNOW,How do you know?
HOW ME,How am I?
HOW NAME,How do you say your name?
HOW SLEEP,How do you sleep?
HOW UNDERSTAND,How do you understand?
HOW WANT,How do you want it?
HOW YOU,How are you?
I,I.
I EAT,I eat.
I FAMILY,My family.
I FRIEND,My friend.
I FROM,I am from here.
I GO,I go.
I GO HERE,I am coming here.
I GO HOME,I am going home.
I HELP,I help.
I HELP YOU,I will help you.
I HERE,I am here.
I HOME,I am home.
I KNOW,I know.
I ME,I, me.
I NAME,My name.
I NOT UNDERSTAND,I do not understand.
I SLEEP,I sleep.
I TODAY,I, today.
I UNDERSTAND,I understand.
I WANT,I want.
I WANT EAT,I want to eat.
I WANT GO,I want to go.
I WANT GO HOME,I want to go home.
I WANT HELP,I need help.
I WANT HOME,I want to go home.
I WANT SLEEP,I want to sleep.
I YOU,You and I.
KNOW,Know.
KNOW FAMILY,Know family.
KNOW FRIEND,Know friend.
KNOW FROM,Know from here.
KNOW HERE,Know here.
KNOW HOME,Know home.
KNOW I,I know.
KNOW ME,I know.
KNOW NAME,Know the name.
KNOW TODAY,Know today.
KNOW YOU,Know you.
ME,Me.
ME EAT,I eat.
ME FAMILY,My family.
ME FRIEND,My friend.
ME FROM,I am from here.
ME GO,I go.
ME GO HOME,I am going home.
ME HELP,I need help.
ME HERE,I am here.
ME HOME,I am home.
ME I,Me, I.
ME KNOW,I know.
ME NAME,My name.
ME SLEEP,I sleep.
ME TODAY,Me, today.
ME UNDERSTAND,I understand.
ME WANT,I want.
ME YOU,Me and you.
MORNING,Good morning!
MORNING AFTERNOON,Good morning and afternoon.
MORNING FAMILY,"Good morning, family."
MORNING FRIEND,"Good morning, friend."
MORNING GOODBYE,"Good morning, goodbye."
MORNING HELLO,Good morning!
MORNING I,"Good morning, I."
MORNING ME,"Good morning, me."
MORNING PLEASE,"Good morning, please."
MORNING SORRY,"Good morning, sorry."
MORNING THANKS,"Good morning, thank you."
MORNING YOU,"Good morning, you."
NAME,Name.
NAME FAMILY,Family name.
NAME FRIEND,Friend's name.
NAME I,My name.
NAME ME,My name.
NAME WHAT,What is the name?
NAME WHO,Who is that?
NAME YOU,Your name.
NO,No.
NO BAD,"No, bad."
NO EAT,"No, I don't eat."
NO FAMILY,No family.
NO FRIEND,No friend.
NO GO,"No, don't go."
NO GOOD,No good.
NO HELP,"No, help."
NO I,No, I.
NO KNOW,"No, I don't know."
NO ME,No, me.
NO OKAY,No, okay.
NO SLEEP,"No, don't sleep."
NO UNDERSTAND,"No, I don't understand."
NO WANT,"No, I don't want."
NO YES,Yes or no?
NO YOU,No, you.
OKAY,Okay.
OKAY BAD,Okay, bad.
OKAY EAT,"Okay, eat."
OKAY FAMILY,Okay, family.
OKAY FRIEND,Okay, friend.
OKAY GO,"Okay, go."
OKAY GOOD,"Okay, good."
OKAY HELP,"Okay, help."
OKAY I,Okay, I.
OKAY KNOW,"Okay, I know."
OKAY ME,Okay, me.
OKAY NO,Okay, no.
OKAY SLEEP,"Okay, sleep."
OKAY UNDERSTAND,"Okay, I understand."
OKAY WANT,"Okay, I want."
OKAY YES,Okay, yes.
OKAY YOU,Okay, you.
PLEASE,Please.
PLEASE AFTERNOON,"Please, good afternoon."
PLEASE FAMILY,"Please, family."
PLEASE FRIEND,"Please, friend."
PLEASE GO HOME,Please go home.
PLEASE GOODBYE,"Please, goodbye."
PLEASE HELLO,"Please, hello."
PLEASE HELP,Please help me.
PLEASE I,"Please, I."
PLEASE ME,"Please, me."
PLEASE MORNING,"Please, good morning."
PLEASE SORRY,"Please, sorry."
PLEASE THANKS,"Please, thank you."
PLEASE YOU,"Please, you."
SLEEP,Sleep.
SLEEP FAMILY,Family sleeps.
SLEEP FRIEND,Friend sleeps.
SLEEP FROM,Sleep from here.
SLEEP HERE,Sleep here.
SLEEP HOME,Sleep at home.
SLEEP I,I sleep.
SLEEP ME,I sleep.
SLEEP TODAY,Sleep today.
SLEEP YOU,You sleep.
SORRY,Sorry.
SORRY AFTERNOON,"Sorry, good afternoon."
SORRY FAMILY,"Sorry, family."
SORRY FRIEND,"Sorry, friend."
SORRY GOODBYE,"Sorry, goodbye."
SORRY HELLO,"Sorry, hello."
SORRY I,"Sorry, I."
SORRY ME,"Sorry, me."
SORRY MORNING,"Sorry, good morning."
SORRY PLEASE,"Sorry, please."
SORRY THANKS,"Sorry, thank you."
SORRY YOU,"Sorry, you."
THANKS,Thank you.
THANKS AFTERNOON,"Thank you, good afternoon."
THANKS FAMILY,"Thank you, family."
THANKS FRIEND,"Thank you, friend."
THANKS GOODBYE,"Thank you, goodbye."
THANKS HELLO,"Thank you, hello."
THANKS I,"Thank you, I."
THANKS ME,"Thank you, me."
THANKS MORNING,"Thank you, good morning."
THANKS PLEASE,"Thank you, please."
THANKS SORRY,"Thank you, sorry."
THANKS YOU,"Thank you, you."
TODAY,Today.
TODAY EAT,Eat today.
TODAY FROM,From today.
TODAY GO,Go today.
TODAY HELP,Help today.
TODAY HERE,Here today.
TODAY HOME,Home today.
TODAY I EAT,I eat today.
TODAY I GO,I go today.
TODAY KNOW,Know today.
TODAY SLEEP,Sleep today.
TODAY UNDERSTAND,Understand today.
TODAY WANT,Want today.
TODAY YOU GO,You go today.
UNDERSTAND,I understand.
UNDERSTAND FAMILY,Family understands.
UNDERSTAND FRIEND,Friend understands.
UNDERSTAND FROM,Understand from here.
UNDERSTAND HERE,Understand here.
UNDERSTAND HOME,Understand home.
UNDERSTAND I,I understand.
UNDERSTAND ME,I understand.
UNDERSTAND TODAY,Understand today.
UNDERSTAND YOU,You understand.
WANT,Want.
WANT FAMILY,Want family.
WANT FRIEND,Want a friend.
WANT FROM,Want from here.
WANT HERE,Want here.
WANT HOME,Want to go home.
WANT I,I want.
WANT ME,I want.
WANT NAME,Want to know the name.
WANT TODAY,Want today.
WANT YOU,Want you.
WHAT,What?
WHAT EAT,What do you want to eat?
WHAT FAMILY,What about your family?
WHAT FRIEND,What about your friend?
WHAT FROM,Where are you from?
WHAT GO,What is going on?
WHAT HELP,What help do you need?
WHAT HERE,What is here?
WHAT HOME,What about home?
WHAT I,What do I do?
WHAT KNOW,What do you know?
WHAT ME,What about me?
WHAT NAME,What is the name?
WHAT NAME YOU,What is your name?
WHAT SLEEP,What about sleep?
WHAT UNDERSTAND,What do you understand?
WHAT WANT,What do you want?
WHAT YOU,What about you?
WHAT YOU EAT,What do you eat?
WHAT YOU NAME,What is your name?
WHAT YOU WANT,What do you want?
WHERE,Where?
WHERE EAT,Where do you eat?
WHERE FAMILY,Where is your family?
WHERE FRIEND,Where is your friend?
WHERE FROM,Where are you from?
WHERE GO,Where are you going?
WHERE HELP,Where can I get help?
WHERE HERE,Where is here?
WHERE HOME,Where is home?
WHERE I,Where am I?
WHERE KNOW,Where do you know from?
WHERE ME,Where am I?
WHERE SLEEP,Where do you sleep?
WHERE UNDERSTAND,Where do you understand?
WHERE WANT,Where do you want to go?
WHERE YOU,Where are you?
WHERE YOU FROM,Where are you from?
WHERE YOU GO,Where are you going?
WHERE YOU HOME,Where is your home?
WHO,Who?
WHO EAT,Who eats?
WHO FAMILY,Who is your family?
WHO FRIEND,Who is your friend?
WHO FROM,Who is from here?
WHO GO,Who goes?
WHO HELP,Who helps?
WHO HERE,Who is here?
WHO HOME,Who is home?
WHO I,Who am I?
WHO KNOW,Who knows?
WHO ME,Who am I?
WHO NAME,Who is that?
WHO SLEEP,Who sleeps?
WHO UNDERSTAND,Who understands?
WHO WANT,Who wants?
WHO YOU,Who are you?
WHY,Why?
WHY EAT,Why do you eat?
WHY FAMILY,Why family?
WHY FRIEND,Why friend?
WHY FROM,Why are you from here?
WHY GO,Why go?
WHY HELP,Why help?
WHY HERE,Why are you here?
WHY HOME,Why go home?
WHY I,Why do I?
WHY KNOW,Why do you know?
WHY ME,Why me?
WHY SLEEP,Why sleep?
WHY UNDERSTAND,Why do you understand?
WHY WANT,Why do you want?
WHY YOU,Why you?
WHY YOU GO,Why are you going?
WHY YOU HERE,Why are you here?
YES,Yes.
YES BAD,Yes, bad.
YES EAT,"Yes, eat."
YES FAMILY,Yes, family.
YES FRIEND,Yes, friend.
YES GO,"Yes, go."
YES GOOD,"Yes, good."
YES HELP,"Yes, help."
YES I,Yes, I.
YES KNOW,"Yes, I know."
YES ME,Yes, me.
YES NO,Yes or no?
YES OKAY,Yes, okay.
YES SLEEP,"Yes, sleep."
YES UNDERSTAND,"Yes, I understand."
YES WANT,"Yes, I want."
YES YOU,Yes, you.
YOU,You.
YOU EAT,You eat.
YOU FAMILY,Your family.
YOU FRIEND,Your friend.
YOU FROM,You are from here.
YOU GO,You go.
YOU GO HERE,You are coming here.
YOU GO HOME,You are going home.
YOU GO HOME TODAY,You go home today.
YOU GOOD,You are good.
YOU GOOD FRIEND,You are a good friend.
YOU HELP,You help.
YOU HELP ME,You help me.
YOU HERE,You are here.
YOU HOME,You are home.
YOU I,You and I.
YOU KNOW,You know.
YOU ME,You and me.
YOU NAME,Your name.
YOU OKAY,Are you okay?
YOU SLEEP,You sleep.
YOU TODAY,You, today.
YOU UNDERSTAND,You understand.
YOU WANT,You want.
YOU WANT EAT,You want to eat.
YOU WANT GO,You want to go.
YOU WANT GO HOME,You want to go home.
YOU WANT HELP,You need help.
YOU WANT HOME,You want to go home.
YOU WANT NAME,What is your name?
YOU WANT SLEEP,You want to sleep.
